資料夾名稱,部落格網址,圖片數量
"taiwan_advanced_training2016","https://carfix.instawp.dev/taiwan_advanced_training2016",15
"italy_dbexpo2026","https://carfix.instawp.dev/italy_dbexpo2026",37
"china-first-competition","https://carfix.instawp.dev/china-first-competition",25
"2026mte_3rd_place","https://carfix.instawp.dev/2026mte_3rd_place",16
"2023asia_advanced_training","https://carfix.instawp.dev/2023asia_advanced_training",29
"mazda3-gpr","https://carfix.instawp.dev/mazda3-gpr",16
"44km-lexusnx350","https://carfix.instawp.dev/44km-lexusnx350",9
"superiorpdr-pdr-college","https://carfix.instawp.dev/superiorpdr-pdr-college",54
"2022-08-17-teslamodel3smash","https://carfix.instawp.dev/2022-08-17-teslamodel3smash",5
"porsche-718-gts撞到了！！凹痕修復鑽洞才能處理？不鑽洞的","https://carfix.instawp.dev/porsche-718-gts%e6%92%9e%e5%88%b0%e4%ba%86%ef%bc%81%ef%bc%81%e5%87%b9%e7%97%95%e4%bf%ae%e5%be%a9%e9%91%bd%e6%b4%9e%e6%89%8d%e8%83%bd%e8%99%95%e7%90%86%ef%bc%9f%e4%b8%8d%e9%91%bd%e6%b4%9e%e7%9a%84",7
"lexus_streched_dent","https://carfix.instawp.dev/lexus_streched_dent",3
"mercedesbenz_aluminum","https://carfix.instawp.dev/mercedesbenz_aluminum",6
"toyotahiacesmashdent","https://carfix.instawp.dev/toyotahiacesmashdent",4
"卓越汽車微板金旗艦中心特別的111年1月11日正式開幕","https://carfix.instawp.dev/%e5%8d%93%e8%b6%8a%e6%b1%bd%e8%bb%8a%e5%be%ae%e6%9d%bf%e9%87%91%e6%97%97%e8%89%a6%e4%b8%ad%e5%bf%83%e7%89%b9%e5%88%a5%e7%9a%84111%e5%b9%b41%e6%9c%8811%e6%97%a5%e6%ad%a3%e5%bc%8f%e9%96%8b%e5%b9%95",7
"為證明修車實力老婆竟動手砸自己愛車！凹痕修復","https://carfix.instawp.dev/%e7%82%ba%e8%ad%89%e6%98%8e%e4%bf%ae%e8%bb%8a%e5%af%a6%e5%8a%9b%e8%80%81%e5%a9%86%e7%ab%9f%e5%8b%95%e6%89%8b%e7%a0%b8%e8%87%aa%e5%b7%b1%e6%84%9b%e8%bb%8a%ef%bc%81%e5%87%b9%e7%97%95%e4%bf%ae%e5%be%a9",6
"卓越科普小教室ep2-你們的疑問我們都來為你解惑！","https://carfix.instawp.dev/%e5%8d%93%e8%b6%8a%e7%a7%91%e6%99%ae%e5%b0%8f%e6%95%99%e5%ae%a4ep2-%e4%bd%a0%e5%80%91%e7%9a%84%e7%96%91%e5%95%8f%e6%88%91%e5%80%91%e9%83%bd%e4%be%86%e7%82%ba%e4%bd%a0%e8%a7%a3%e6%83%91%ef%bc%81",11
"為了把凹痕修好，臉要弄髒！我們台中店的阿毛毛","https://carfix.instawp.dev/%e7%82%ba%e4%ba%86%e6%8a%8a%e5%87%b9%e7%97%95%e4%bf%ae%e5%a5%bd%ef%bc%8c%e8%87%89%e8%a6%81%e5%bc%84%e9%ab%92%ef%bc%81%e6%88%91%e5%80%91%e5%8f%b0%e4%b8%ad%e5%ba%97%e7%9a%84%e9%98%bf%e6%af%9b%e6%af%9b",5
"挺過疫情！凹痕修復教育訓練中心-學生終於畢業啦","https://carfix.instawp.dev/%e6%8c%ba%e9%81%8e%e7%96%ab%e6%83%85%ef%bc%81%e5%87%b9%e7%97%95%e4%bf%ae%e5%be%a9%e6%95%99%e8%82%b2%e8%a8%93%e7%b7%b4%e4%b8%ad%e5%bf%83-%e5%ad%b8%e7%94%9f%e7%b5%82%e6%96%bc%e7%95%a2%e6%a5%ad%e5%95%a6",3
"edgy-tools-wedge-light-凹痕修復工具車窗檔介紹","https://carfix.instawp.dev/edgy-tools-wedge-light-%e5%87%b9%e7%97%95%e4%bf%ae%e5%be%a9%e5%b7%a5%e5%85%b7%e8%bb%8a%e7%aa%97%e6%aa%94%e4%bb%8b%e7%b4%b9",3
"卓越新單元科普小教室：國產車？進口車？修復迷","https://carfix.instawp.dev/%e5%8d%93%e8%b6%8a%e6%96%b0%e5%96%ae%e5%85%83%e7%a7%91%e6%99%ae%e5%b0%8f%e6%95%99%e5%ae%a4%ef%bc%9a%e5%9c%8b%e7%94%a2%e8%bb%8a%ef%bc%9f%e9%80%b2%e5%8f%a3%e8%bb%8a%ef%bc%9f%e4%bf%ae%e5%be%a9%e8%bf%b7",16
"南強工商-x-卓越凹痕-新北創新教育加速器計劃","https://carfix.instawp.dev/%e5%8d%97%e5%bc%b7%e5%b7%a5%e5%95%86-x-%e5%8d%93%e8%b6%8a%e5%87%b9%e7%97%95-%e6%96%b0%e5%8c%97%e5%89%b5%e6%96%b0%e6%95%99%e8%82%b2%e5%8a%a0%e9%80%9f%e5%99%a8%e8%a8%88%e5%8a%83",7
"五倍卷本週五開始啟用！你們想好要怎麼使用了嗎","https://carfix.instawp.dev/%e4%ba%94%e5%80%8d%e5%8d%b7%e6%9c%ac%e9%80%b1%e4%ba%94%e9%96%8b%e5%a7%8b%e5%95%9f%e7%94%a8%ef%bc%81%e4%bd%a0%e5%80%91%e6%83%b3%e5%a5%bd%e8%a6%81%e6%80%8e%e9%ba%bc%e4%bd%bf%e7%94%a8%e4%ba%86%e5%97%8e",3
"重機油桶凹了怎麼辦？選擇最佳方式不怕生鏽、不","https://carfix.instawp.dev/%e9%87%8d%e6%a9%9f%e6%b2%b9%e6%a1%b6%e5%87%b9%e4%ba%86%e6%80%8e%e9%ba%bc%e8%be%a6%ef%bc%9f%e9%81%b8%e6%93%87%e6%9c%80%e4%bd%b3%e6%96%b9%e5%bc%8f%e4%b8%8d%e6%80%95%e7%94%9f%e9%8f%bd%e3%80%81%e4%b8%8d",1
"你們想知道這樣的凹痕在同部位同鈑件的修復價格","https://carfix.instawp.dev/%e4%bd%a0%e5%80%91%e6%83%b3%e7%9f%a5%e9%81%93%e9%80%99%e6%a8%a3%e7%9a%84%e5%87%b9%e7%97%95%e5%9c%a8%e5%90%8c%e9%83%a8%e4%bd%8d%e5%90%8c%e9%88%91%e4%bb%b6%e7%9a%84%e4%bf%ae%e5%be%a9%e5%83%b9%e6%a0%bc",4
"卓越凹痕全體同仁-祝大家中秋節快樂！！","https://carfix.instawp.dev/%e5%8d%93%e8%b6%8a%e5%87%b9%e7%97%95%e5%85%a8%e9%ab%94%e5%90%8c%e4%bb%81-%e7%a5%9d%e5%a4%a7%e5%ae%b6%e4%b8%ad%e7%a7%8b%e7%af%80%e5%bf%ab%e6%a8%82%ef%bc%81%ef%bc%81",7
"tesla-model3內部結構整形、外皮凹痕整平作品｜後葉超大","https://carfix.instawp.dev/tesla-model3%e5%85%a7%e9%83%a8%e7%b5%90%e6%a7%8b%e6%95%b4%e5%bd%a2%e3%80%81%e5%a4%96%e7%9a%ae%e5%87%b9%e7%97%95%e6%95%b4%e5%b9%b3%e4%bd%9c%e5%93%81%ef%bd%9c%e5%be%8c%e8%91%89%e8%b6%85%e5%a4%a7",1
"【亞洲首創】凹痕修復pdr專業教室，微板金人才培","https://carfix.instawp.dev/%e3%80%90%e4%ba%9e%e6%b4%b2%e9%a6%96%e5%89%b5%e3%80%91%e5%87%b9%e7%97%95%e4%bf%ae%e5%be%a9pdr%e5%b0%88%e6%a5%ad%e6%95%99%e5%ae%a4%ef%bc%8c%e5%be%ae%e6%9d%bf%e9%87%91%e4%ba%ba%e6%89%8d%e5%9f%b9",1
"2021-09-09-priməveərə！偉士牌凹痕修復｜卓越汽車凹痕修復中","https://carfix.instawp.dev/2021-09-09-prim%c9%99ve%c9%99r%c9%99%ef%bc%81%e5%81%89%e5%a3%ab%e7%89%8c%e5%87%b9%e7%97%95%e4%bf%ae%e5%be%a9%ef%bd%9c%e5%8d%93%e8%b6%8a%e6%b1%bd%e8%bb%8a%e5%87%b9%e7%97%95%e4%bf%ae%e5%be%a9%e4%b8%ad",2
"「新北創新教育加速器計畫」pdr微鈑金-南強工商正","https://carfix.instawp.dev/%e3%80%8c%e6%96%b0%e5%8c%97%e5%89%b5%e6%96%b0%e6%95%99%e8%82%b2%e5%8a%a0%e9%80%9f%e5%99%a8%e8%a8%88%e7%95%ab%e3%80%8dpdr%e5%be%ae%e9%88%91%e9%87%91-%e5%8d%97%e5%bc%b7%e5%b7%a5%e5%95%86%e6%ad%a3",8
"美國no-1！pdr線上訓練平台「dent-trainer」開放線上教學影片","https://carfix.instawp.dev/%e7%be%8e%e5%9c%8bno-1%ef%bc%81pdr%e7%b7%9a%e4%b8%8a%e8%a8%93%e7%b7%b4%e5%b9%b3%e5%8f%b0%e3%80%8cdent-trainer%e3%80%8d%e9%96%8b%e6%94%be%e7%b7%9a%e4%b8%8a%e6%95%99%e5%ad%b8%e5%bd%b1%e7%89%87",4
"2021-08-18-凹痕修復神器詳細步驟讓你一學就會","https://carfix.instawp.dev/2021-08-18-%e5%87%b9%e7%97%95%e4%bf%ae%e5%be%a9%e7%a5%9e%e5%99%a8%e8%a9%b3%e7%b4%b0%e6%ad%a5%e9%a9%9f%e8%ae%93%e4%bd%a0%e4%b8%80%e5%ad%b8%e5%b0%b1%e6%9c%83",15
"go-red大王指名卓越幫忙修復愛車凹痕！","https://carfix.instawp.dev/go-red%e5%a4%a7%e7%8e%8b%e6%8c%87%e5%90%8d%e5%8d%93%e8%b6%8a%e5%b9%ab%e5%bf%99%e4%bf%ae%e5%be%a9%e6%84%9b%e8%bb%8a%e5%87%b9%e7%97%95%ef%bc%81",1
"「修這種傷只能鑽洞？」當有人這樣跟你說，就要","https://carfix.instawp.dev/%e3%80%8c%e4%bf%ae%e9%80%99%e7%a8%ae%e5%82%b7%e5%8f%aa%e8%83%bd%e9%91%bd%e6%b4%9e%ef%bc%9f%e3%80%8d%e7%95%b6%e6%9c%89%e4%ba%ba%e9%80%99%e6%a8%a3%e8%b7%9f%e4%bd%a0%e8%aa%aa%ef%bc%8c%e5%b0%b1%e8%a6%81",4
"寶馬-bmw-大7-豪華座車-鋁合金延展凹痕修復｜卓越汽車","https://carfix.instawp.dev/%e5%af%b6%e9%a6%ac-bmw-%e5%a4%a77-%e8%b1%aa%e8%8f%af%e5%ba%a7%e8%bb%8a-%e9%8b%81%e5%90%88%e9%87%91%e5%bb%b6%e5%b1%95%e5%87%b9%e7%97%95%e4%bf%ae%e5%be%a9%ef%bd%9c%e5%8d%93%e8%b6%8a%e6%b1%bd%e8%bb%8a",4
"特斯拉車主一定都知道！？最常見的凹痕位置就在","https://carfix.instawp.dev/%e7%89%b9%e6%96%af%e6%8b%89%e8%bb%8a%e4%b8%bb%e4%b8%80%e5%ae%9a%e9%83%bd%e7%9f%a5%e9%81%93%ef%bc%81%ef%bc%9f%e6%9c%80%e5%b8%b8%e8%a6%8b%e7%9a%84%e5%87%b9%e7%97%95%e4%bd%8d%e7%bd%ae%e5%b0%b1%e5%9c%a8",8
"2021-07-12-tesla撞成這樣不用烤漆model3","https://carfix.instawp.dev/2021-07-12-tesla%e6%92%9e%e6%88%90%e9%80%99%e6%a8%a3%e4%b8%8d%e7%94%a8%e7%83%a4%e6%bc%86model3",10
"6018","https://carfix.instawp.dev/6018",9
"讓每個凹痕修復技師聞風喪膽的車身下菱線凹痕","https://carfix.instawp.dev/%e8%ae%93%e6%af%8f%e5%80%8b%e5%87%b9%e7%97%95%e4%bf%ae%e5%be%a9%e6%8a%80%e5%b8%ab%e8%81%9e%e9%a2%a8%e5%96%aa%e8%86%bd%e7%9a%84%e8%bb%8a%e8%ba%ab%e4%b8%8b%e8%8f%b1%e7%b7%9a%e5%87%b9%e7%97%95",6
"bmw-x5-天殺的鋁合金","https://carfix.instawp.dev/bmw-x5-%e5%a4%a9%e6%ae%ba%e7%9a%84%e9%8b%81%e5%90%88%e9%87%91",6
"volkswagen-常見修復車款系列","https://carfix.instawp.dev/volkswagen-%e5%b8%b8%e8%a6%8b%e4%bf%ae%e5%be%a9%e8%bb%8a%e6%ac%be%e7%b3%bb%e5%88%97",6
"今年開始和南強工商有固定客座教學！-開課囉！","https://carfix.instawp.dev/%e4%bb%8a%e5%b9%b4%e9%96%8b%e5%a7%8b%e5%92%8c%e5%8d%97%e5%bc%b7%e5%b7%a5%e5%95%86%e6%9c%89%e5%9b%ba%e5%ae%9a%e5%ae%a2%e5%ba%a7%e6%95%99%e5%ad%b8%ef%bc%81-%e9%96%8b%e8%aa%b2%e5%9b%89%ef%bc%81",5
"2021-04-13-5631","https://carfix.instawp.dev/2021-04-13-5631",4
"kawasakiw800pdr","https://carfix.instawp.dev/kawasakiw800pdr",6
"apple-news","https://carfix.instawp.dev/apple-news",7
"fordfocusst-line下車身大凹痕修復","https://carfix.instawp.dev/fordfocusst-line%e4%b8%8b%e8%bb%8a%e8%ba%ab%e5%a4%a7%e5%87%b9%e7%97%95%e4%bf%ae%e5%be%a9",5
"【台中-ford-focus-車門摺線凹】","https://carfix.instawp.dev/%e3%80%90%e5%8f%b0%e4%b8%ad-ford-focus-%e8%bb%8a%e9%96%80%e6%91%ba%e7%b7%9a%e5%87%b9%e3%80%91",3
"世界上沒有什麼凹痕是一顆c4不能解決的，如果有，","https://carfix.instawp.dev/%e4%b8%96%e7%95%8c%e4%b8%8a%e6%b2%92%e6%9c%89%e4%bb%80%e9%ba%bc%e5%87%b9%e7%97%95%e6%98%af%e4%b8%80%e9%a1%86c4%e4%b8%8d%e8%83%bd%e8%a7%a3%e6%b1%ba%e7%9a%84%ef%bc%8c%e5%a6%82%e6%9e%9c%e6%9c%89%ef%bc%8c",3
"hino-500-日野巨獸-凹痕修復","https://carfix.instawp.dev/hino-500-%e6%97%a5%e9%87%8e%e5%b7%a8%e7%8d%b8-%e5%87%b9%e7%97%95%e4%bf%ae%e5%be%a9",3
"不怕沒錢修，怕的是有錢也不能修-裕隆日產-nissan-kicks-凹","https://carfix.instawp.dev/%e4%b8%8d%e6%80%95%e6%b2%92%e9%8c%a2%e4%bf%ae%ef%bc%8c%e6%80%95%e7%9a%84%e6%98%af%e6%9c%89%e9%8c%a2%e4%b9%9f%e4%b8%8d%e8%83%bd%e4%bf%ae-%e8%a3%95%e9%9a%86%e6%97%a5%e7%94%a2-nissan-kicks-%e5%87%b9",2
"鋁合金車身撞擊難鈑金　撞上特斯拉　維修費高","https://carfix.instawp.dev/%e9%8b%81%e5%90%88%e9%87%91%e8%bb%8a%e8%ba%ab%e6%92%9e%e6%93%8a%e9%9b%a3%e9%88%91%e9%87%91%e3%80%80%e6%92%9e%e4%b8%8a%e7%89%b9%e6%96%af%e6%8b%89%e3%80%80%e7%b6%ad%e4%bf%ae%e8%b2%bb%e9%ab%98",1
"bmw-1series-前葉超深大面積","https://carfix.instawp.dev/bmw-1series-%e5%89%8d%e8%91%89%e8%b6%85%e6%b7%b1%e5%a4%a7%e9%9d%a2%e7%a9%8d",3
"是什麼樣的凹痕，讓車主如此焦急地尋求幫助？？","https://carfix.instawp.dev/%e6%98%af%e4%bb%80%e9%ba%bc%e6%a8%a3%e7%9a%84%e5%87%b9%e7%97%95%ef%bc%8c%e8%ae%93%e8%bb%8a%e4%b8%bb%e5%a6%82%e6%ad%a4%e7%84%a6%e6%80%a5%e5%9c%b0%e5%b0%8b%e6%b1%82%e5%b9%ab%e5%8a%a9%ef%bc%9f%ef%bc%9f",3
"有種任務是老闆交代上天下海赴湯蹈火也要使命必","https://carfix.instawp.dev/%e6%9c%89%e7%a8%ae%e4%bb%bb%e5%8b%99%e6%98%af%e8%80%81%e9%97%86%e4%ba%a4%e4%bb%a3%e4%b8%8a%e5%a4%a9%e4%b8%8b%e6%b5%b7%e8%b5%b4%e6%b9%af%e8%b9%88%e7%81%ab%e4%b9%9f%e8%a6%81%e4%bd%bf%e5%91%bd%e5%bf%85",3
"本田-honda-crv-凹痕修復","https://carfix.instawp.dev/%e6%9c%ac%e7%94%b0-honda-crv-%e5%87%b9%e7%97%95%e4%bf%ae%e5%be%a9",1
"tesla-model3-全車鋁合金-特斯拉凹痕修復","https://carfix.instawp.dev/tesla-model3-%e5%85%a8%e8%bb%8a%e9%8b%81%e5%90%88%e9%87%91-%e7%89%b9%e6%96%af%e6%8b%89%e5%87%b9%e7%97%95%e4%bf%ae%e5%be%a9",3
"凹痕修復教學課程-2","https://carfix.instawp.dev/%e5%87%b9%e7%97%95%e4%bf%ae%e5%be%a9%e6%95%99%e5%ad%b8%e8%aa%b2%e7%a8%8b-2",1
"原廠技術教學課程","https://carfix.instawp.dev/%e5%8e%9f%e5%bb%a0%e6%8a%80%e8%a1%93%e6%95%99%e5%ad%b8%e8%aa%b2%e7%a8%8b",4
"歡迎光臨superior凹痕修復-2","https://carfix.instawp.dev/%e6%ad%a1%e8%bf%8e%e5%85%89%e8%87%a8superior%e5%87%b9%e7%97%95%e4%bf%ae%e5%be%a9-2",1
"極深極硬！porsche保時捷-鋁合金凹痕修復","https://carfix.instawp.dev/%e6%a5%b5%e6%b7%b1%e6%a5%b5%e7%a1%ac%ef%bc%81porsche%e4%bf%9d%e6%99%82%e6%8d%b7-%e9%8b%81%e5%90%88%e9%87%91%e5%87%b9%e7%97%95%e4%bf%ae%e5%be%a9",4
"【暖男凹痕修復】-toyota-豐田-大面積深凹痕修復","https://carfix.instawp.dev/%e3%80%90%e6%9a%96%e7%94%b7%e5%87%b9%e7%97%95%e4%bf%ae%e5%be%a9%e3%80%91-toyota-%e8%b1%90%e7%94%b0-%e5%a4%a7%e9%9d%a2%e7%a9%8d%e6%b7%b1%e5%87%b9%e7%97%95%e4%bf%ae%e5%be%a9",2
"福斯-volkswagen-golf-前後葉大傷-凹痕修復","https://carfix.instawp.dev/%e7%a6%8f%e6%96%af-volkswagen-golf-%e5%89%8d%e5%be%8c%e8%91%89%e5%a4%a7%e5%82%b7-%e5%87%b9%e7%97%95%e4%bf%ae%e5%be%a9",1
"今天不po凹痕修復，我們po修復下巴-馬自達-mazda6-保桿修","https://carfix.instawp.dev/%e4%bb%8a%e5%a4%a9%e4%b8%8dpo%e5%87%b9%e7%97%95%e4%bf%ae%e5%be%a9%ef%bc%8c%e6%88%91%e5%80%91po%e4%bf%ae%e5%be%a9%e4%b8%8b%e5%b7%b4-%e9%a6%ac%e8%87%aa%e9%81%94-mazda6-%e4%bf%9d%e6%a1%bf%e4%bf%ae",1
"極深！挑戰怪物級凹痕-lexus","https://carfix.instawp.dev/%e6%a5%b5%e6%b7%b1%ef%bc%81%e6%8c%91%e6%88%b0%e6%80%aa%e7%89%a9%e7%b4%9a%e5%87%b9%e7%97%95-lexus",4
"【台北店神速修復手】benz-賓士-下車身凹痕修復","https://carfix.instawp.dev/%e3%80%90%e5%8f%b0%e5%8c%97%e5%ba%97%e7%a5%9e%e9%80%9f%e4%bf%ae%e5%be%a9%e6%89%8b%e3%80%91benz-%e8%b3%93%e5%a3%ab-%e4%b8%8b%e8%bb%8a%e8%ba%ab%e5%87%b9%e7%97%95%e4%bf%ae%e5%be%a9",2
"什麼是藝術？toyota-prius-豐田-凹痕修復","https://carfix.instawp.dev/%e4%bb%80%e9%ba%bc%e6%98%af%e8%97%9d%e8%a1%93%ef%bc%9ftoyota-prius-%e8%b1%90%e7%94%b0-%e5%87%b9%e7%97%95%e4%bf%ae%e5%be%a9",2
"【困擾的問題】-納智捷-luxgen-s5-gt225-凹痕修復","https://carfix.instawp.dev/%e3%80%90%e5%9b%b0%e6%93%be%e7%9a%84%e5%95%8f%e9%a1%8c%e3%80%91-%e7%b4%8d%e6%99%ba%e6%8d%b7-luxgen-s5-gt225-%e5%87%b9%e7%97%95%e4%bf%ae%e5%be%a9",3
"福斯-volkswagen-golf-gti-「二次」凹痕修復","https://carfix.instawp.dev/%e7%a6%8f%e6%96%af-volkswagen-golf-gti-%e3%80%8c%e4%ba%8c%e6%ac%a1%e3%80%8d%e5%87%b9%e7%97%95%e4%bf%ae%e5%be%a9",3
"一台車上的凹痕是一瞬間的事情-豐田-altis-凹痕修復","https://carfix.instawp.dev/%e4%b8%80%e5%8f%b0%e8%bb%8a%e4%b8%8a%e7%9a%84%e5%87%b9%e7%97%95%e6%98%af%e4%b8%80%e7%9e%ac%e9%96%93%e7%9a%84%e4%ba%8b%e6%83%85-%e8%b1%90%e7%94%b0-altis-%e5%87%b9%e7%97%95%e4%bf%ae%e5%be%a9",1
"audi-a3-奧迪-凹痕修復","https://carfix.instawp.dev/audi-a3-%e5%a5%a7%e8%bf%aa-%e5%87%b9%e7%97%95%e4%bf%ae%e5%be%a9",1
"mazda-cx3-馬自達凹痕修復","https://carfix.instawp.dev/mazda-cx3-%e9%a6%ac%e8%87%aa%e9%81%94%e5%87%b9%e7%97%95%e4%bf%ae%e5%be%a9",3
"凌志lenxus-nx200t凹痕修復","https://carfix.instawp.dev/%e5%87%8c%e5%bf%97lenxus-nx200t%e5%87%b9%e7%97%95%e4%bf%ae%e5%be%a9",3
"寶馬-bmw-凹痕修復","https://carfix.instawp.dev/%e5%af%b6%e9%a6%ac-bmw-%e5%87%b9%e7%97%95%e4%bf%ae%e5%be%a9",3
"最遙遠的距離-benz-c-class賓士凹痕修復","https://carfix.instawp.dev/%e6%9c%80%e9%81%99%e9%81%a0%e7%9a%84%e8%b7%9d%e9%9b%a2-benz-c-class%e8%b3%93%e5%a3%ab%e5%87%b9%e7%97%95%e4%bf%ae%e5%be%a9",3
"車子左邊被撞了一下，該如何是好？？福特mondeokl凹痕","https://carfix.instawp.dev/%e8%bb%8a%e5%ad%90%e5%b7%a6%e9%82%8a%e8%a2%ab%e6%92%9e%e4%ba%86%e4%b8%80%e4%b8%8b%ef%bc%8c%e8%a9%b2%e5%a6%82%e4%bd%95%e6%98%af%e5%a5%bd%ef%bc%9f%ef%bc%9f%e7%a6%8f%e7%89%b9mondeokl%e5%87%b9%e7%97%95",2
"歡迎光臨superior凹痕修復","https://carfix.instawp.dev/%e6%ad%a1%e8%bf%8e%e5%85%89%e8%87%a8superior%e5%87%b9%e7%97%95%e4%bf%ae%e5%be%a9",1
"扯！前店家推到尖點漆裂-寶馬凹痕修復-我們是怎麼","https://carfix.instawp.dev/%e6%89%af%ef%bc%81%e5%89%8d%e5%ba%97%e5%ae%b6%e6%8e%a8%e5%88%b0%e5%b0%96%e9%bb%9e%e6%bc%86%e8%a3%82-%e5%af%b6%e9%a6%ac%e5%87%b9%e7%97%95%e4%bf%ae%e5%be%a9-%e6%88%91%e5%80%91%e6%98%af%e6%80%8e%e9%ba%bc",3
"又是這台！難怪大家搶著買🔥🔥🔥｜豐田-toyota-rav4-微","https://carfix.instawp.dev/%e5%8f%88%e6%98%af%e9%80%99%e5%8f%b0%ef%bc%81%e9%9b%a3%e6%80%aa%e5%a4%a7%e5%ae%b6%e6%90%b6%e8%91%97%e8%b2%b7%f0%9f%94%a5%f0%9f%94%a5%f0%9f%94%a5%ef%bd%9c%e8%b1%90%e7%94%b0-toyota-rav4-%e5%be%ae",1
"bmw-118i-凹痕修復","https://carfix.instawp.dev/bmw-118i-%e5%87%b9%e7%97%95%e4%bf%ae%e5%be%a9",1
"開口笑怎麼辦呢？mazda3-凹痕修復","https://carfix.instawp.dev/%e9%96%8b%e5%8f%a3%e7%ac%91%e6%80%8e%e9%ba%bc%e8%be%a6%e5%91%a2%ef%bc%9fmazda3-%e5%87%b9%e7%97%95%e4%bf%ae%e5%be%a9",2
"這是真的，我們真的修好了！subaru-forester-凹痕修復｜superior","https://carfix.instawp.dev/%e9%80%99%e6%98%af%e7%9c%9f%e7%9a%84%ef%bc%8c%e6%88%91%e5%80%91%e7%9c%9f%e7%9a%84%e4%bf%ae%e5%a5%bd%e4%ba%86%ef%bc%81subaru-forester-%e5%87%b9%e7%97%95%e4%bf%ae%e5%be%a9%ef%bd%9csuperior",2
"volkswagen-golf-凹痕修復","https://carfix.instawp.dev/volkswagen-golf-%e5%87%b9%e7%97%95%e4%bf%ae%e5%be%a9",2
"pdr微鈑金修復前必看必看必看lexus-is300鋁合金引擎蓋凹痕-2-2-5","https://carfix.instawp.dev/pdr%e5%be%ae%e9%88%91%e9%87%91%e4%bf%ae%e5%be%a9%e5%89%8d%e5%bf%85%e7%9c%8b%e5%bf%85%e7%9c%8b%e5%bf%85%e7%9c%8blexus-is300%e9%8b%81%e5%90%88%e9%87%91%e5%bc%95%e6%93%8e%e8%93%8b%e5%87%b9%e7%97%95-2-2-5",1
"benz-後尾門超級深凹","https://carfix.instawp.dev/benz-%e5%be%8c%e5%b0%be%e9%96%80%e8%b6%85%e7%b4%9a%e6%b7%b1%e5%87%b9",3
"對不起，這種傷我們也能做","https://carfix.instawp.dev/%e5%b0%8d%e4%b8%8d%e8%b5%b7%ef%bc%8c%e9%80%99%e7%a8%ae%e5%82%b7%e6%88%91%e5%80%91%e4%b9%9f%e8%83%bd%e5%81%9a",2
"汽車板金猛爆全世界│狂賀2019俄羅斯喀山技職奧運","https://carfix.instawp.dev/%e6%b1%bd%e8%bb%8a%e6%9d%bf%e9%87%91%e7%8c%9b%e7%88%86%e5%85%a8%e4%b8%96%e7%95%8c%e2%94%82%e7%8b%82%e8%b3%802019%e4%bf%84%e7%be%85%e6%96%af%e5%96%80%e5%b1%b1%e6%8a%80%e8%81%b7%e5%a5%a7%e9%81%8b",1
"toyota-rav4-凹痕修復","https://carfix.instawp.dev/toyota-rav4-%e5%87%b9%e7%97%95%e4%bf%ae%e5%be%a9",2
"porsche-macan-凹痕修復","https://carfix.instawp.dev/porsche-macan-%e5%87%b9%e7%97%95%e4%bf%ae%e5%be%a9",2
"pdr微鈑金修復前必看必看必看lexus-is300鋁合金引擎蓋凹痕-2-2-4","https://carfix.instawp.dev/pdr%e5%be%ae%e9%88%91%e9%87%91%e4%bf%ae%e5%be%a9%e5%89%8d%e5%bf%85%e7%9c%8b%e5%bf%85%e7%9c%8b%e5%bf%85%e7%9c%8blexus-is300%e9%8b%81%e5%90%88%e9%87%91%e5%bc%95%e6%93%8e%e8%93%8b%e5%87%b9%e7%97%95-2-2-4",2
"pdr微鈑金修復前必看必看必看lexus-is300鋁合金引擎蓋凹痕-2-2-3","https://carfix.instawp.dev/pdr%e5%be%ae%e9%88%91%e9%87%91%e4%bf%ae%e5%be%a9%e5%89%8d%e5%bf%85%e7%9c%8b%e5%bf%85%e7%9c%8b%e5%bf%85%e7%9c%8blexus-is300%e9%8b%81%e5%90%88%e9%87%91%e5%bc%95%e6%93%8e%e8%93%8b%e5%87%b9%e7%97%95-2-2-3",1
"凹痕到底大不大？","https://carfix.instawp.dev/%e5%87%b9%e7%97%95%e5%88%b0%e5%ba%95%e5%a4%a7%e4%b8%8d%e5%a4%a7%ef%bc%9f",2
"bmw-x3凹痕修復-車身線條嚴重塌陷","https://carfix.instawp.dev/bmw-x3%e5%87%b9%e7%97%95%e4%bf%ae%e5%be%a9-%e8%bb%8a%e8%ba%ab%e7%b7%9a%e6%a2%9d%e5%9a%b4%e9%87%8d%e5%a1%8c%e9%99%b7",2
"pdr微鈑金修復前必看必看必看lexus-is300鋁合金引擎蓋凹痕-2-2-2","https://carfix.instawp.dev/pdr%e5%be%ae%e9%88%91%e9%87%91%e4%bf%ae%e5%be%a9%e5%89%8d%e5%bf%85%e7%9c%8b%e5%bf%85%e7%9c%8b%e5%bf%85%e7%9c%8blexus-is300%e9%8b%81%e5%90%88%e9%87%91%e5%bc%95%e6%93%8e%e8%93%8b%e5%87%b9%e7%97%95-2-2-2",1
"pdr微鈑金修復前必看必看必看lexus-is300鋁合金引擎蓋凹痕-2-2","https://carfix.instawp.dev/pdr%e5%be%ae%e9%88%91%e9%87%91%e4%bf%ae%e5%be%a9%e5%89%8d%e5%bf%85%e7%9c%8b%e5%bf%85%e7%9c%8b%e5%bf%85%e7%9c%8blexus-is300%e9%8b%81%e5%90%88%e9%87%91%e5%bc%95%e6%93%8e%e8%93%8b%e5%87%b9%e7%97%95-2-2",1
"pdr微鈑金修復前必看必看必看lexus-is300鋁合金引擎蓋凹痕-2","https://carfix.instawp.dev/pdr%e5%be%ae%e9%88%91%e9%87%91%e4%bf%ae%e5%be%a9%e5%89%8d%e5%bf%85%e7%9c%8b%e5%bf%85%e7%9c%8b%e5%bf%85%e7%9c%8blexus-is300%e9%8b%81%e5%90%88%e9%87%91%e5%bc%95%e6%93%8e%e8%93%8b%e5%87%b9%e7%97%95-2",1
"ford-mondeo凹痕修復","https://carfix.instawp.dev/ford-mondeo%e5%87%b9%e7%97%95%e4%bf%ae%e5%be%a9",1
"這次不是修車！","https://carfix.instawp.dev/%e9%80%99%e6%ac%a1%e4%b8%8d%e6%98%af%e4%bf%ae%e8%bb%8a%ef%bc%81",2
"師傅要崩潰啦～～！-mini-coopers凹痕修復","https://carfix.instawp.dev/%e5%b8%ab%e5%82%85%e8%a6%81%e5%b4%a9%e6%bd%b0%e5%95%a6%ef%bd%9e%ef%bd%9e%ef%bc%81-mini-coopers%e5%87%b9%e7%97%95%e4%bf%ae%e5%be%a9",3
"加倍的義大利浪漫-vespa-偉士牌重機凹痕修復","https://carfix.instawp.dev/%e5%8a%a0%e5%80%8d%e7%9a%84%e7%be%a9%e5%a4%a7%e5%88%a9%e6%b5%aa%e6%bc%ab-vespa-%e5%81%89%e5%a3%ab%e7%89%8c%e9%87%8d%e6%a9%9f%e5%87%b9%e7%97%95%e4%bf%ae%e5%be%a9",3
"菁英怪大凹痕！-mini-clubman凹痕修復","https://carfix.instawp.dev/%e8%8f%81%e8%8b%b1%e6%80%aa%e5%a4%a7%e5%87%b9%e7%97%95%ef%bc%81-mini-clubman%e5%87%b9%e7%97%95%e4%bf%ae%e5%be%a9",4
"抓到兇手了！-hyundai-tucson凹痕修復","https://carfix.instawp.dev/%e6%8a%93%e5%88%b0%e5%85%87%e6%89%8b%e4%ba%86%ef%bc%81-hyundai-tucson%e5%87%b9%e7%97%95%e4%bf%ae%e5%be%a9",3
"一個禮拜內最常接到的凹痕修復是什麼樣的傷呢？","https://carfix.instawp.dev/%e4%b8%80%e5%80%8b%e7%a6%ae%e6%8b%9c%e5%85%a7%e6%9c%80%e5%b8%b8%e6%8e%a5%e5%88%b0%e7%9a%84%e5%87%b9%e7%97%95%e4%bf%ae%e5%be%a9%e6%98%af%e4%bb%80%e9%ba%bc%e6%a8%a3%e7%9a%84%e5%82%b7%e5%91%a2%ef%bc%9f",2
"下車身稜線大凹-bmw-x6凹痕修復","https://carfix.instawp.dev/%e4%b8%8b%e8%bb%8a%e8%ba%ab%e7%a8%9c%e7%b7%9a%e5%a4%a7%e5%87%b9-bmw-x6%e5%87%b9%e7%97%95%e4%bf%ae%e5%be%a9",2
"toyota-rav4凹痕修復-你-妳，可以再靠近一點","https://carfix.instawp.dev/toyota-rav4%e5%87%b9%e7%97%95%e4%bf%ae%e5%be%a9-%e4%bd%a0-%e5%a6%b3%ef%bc%8c%e5%8f%af%e4%bb%a5%e5%86%8d%e9%9d%a0%e8%bf%91%e4%b8%80%e9%bb%9e",2
"我的凹痕能不能修？-mazda凹痕修復-馬三的前葉輪拱凹","https://carfix.instawp.dev/%e6%88%91%e7%9a%84%e5%87%b9%e7%97%95%e8%83%bd%e4%b8%8d%e8%83%bd%e4%bf%ae%ef%bc%9f-mazda%e5%87%b9%e7%97%95%e4%bf%ae%e5%be%a9-%e9%a6%ac%e4%b8%89%e7%9a%84%e5%89%8d%e8%91%89%e8%bc%aa%e6%8b%b1%e5%87%b9",1
"在大雨中相遇-bmw凹痕修復-m3-c柱大凹","https://carfix.instawp.dev/%e5%9c%a8%e5%a4%a7%e9%9b%a8%e4%b8%ad%e7%9b%b8%e9%81%87-bmw%e5%87%b9%e7%97%95%e4%bf%ae%e5%be%a9-m3-c%e6%9f%b1%e5%a4%a7%e5%87%b9",3
"卓越領隊，同業參與美國聖地牙哥進階pdr訓練課程","https://carfix.instawp.dev/%e5%8d%93%e8%b6%8a%e9%a0%98%e9%9a%8a%ef%bc%8c%e5%90%8c%e6%a5%ad%e5%8f%83%e8%88%87%e7%be%8e%e5%9c%8b%e8%81%96%e5%9c%b0%e7%89%99%e5%93%a5%e9%80%b2%e9%9a%8epdr%e8%a8%93%e7%b7%b4%e8%aa%b2%e7%a8%8b",3
"superior卓越順利取得美國國際汽車權威機構imi的hybrid-ev電動車","https://carfix.instawp.dev/superior%e5%8d%93%e8%b6%8a%e9%a0%86%e5%88%a9%e5%8f%96%e5%be%97%e7%be%8e%e5%9c%8b%e5%9c%8b%e9%9a%9b%e6%b1%bd%e8%bb%8a%e6%ac%8a%e5%a8%81%e6%a9%9f%e6%a7%8bimi%e7%9a%84hybrid-ev%e9%9b%bb%e5%8b%95%e8%bb%8a",9
"pdr微鈑金修復前必看必看必看lexus-is300鋁合金引擎蓋凹痕","https://carfix.instawp.dev/pdr%e5%be%ae%e9%88%91%e9%87%91%e4%bf%ae%e5%be%a9%e5%89%8d%e5%bf%85%e7%9c%8b%e5%bf%85%e7%9c%8b%e5%bf%85%e7%9c%8blexus-is300%e9%8b%81%e5%90%88%e9%87%91%e5%bc%95%e6%93%8e%e8%93%8b%e5%87%b9%e7%97%95",1
"bmw-x1-deep-ding後尾門豪深的凹痕阿","https://carfix.instawp.dev/bmw-x1-deep-ding%e5%be%8c%e5%b0%be%e9%96%80%e8%b1%aa%e6%b7%b1%e7%9a%84%e5%87%b9%e7%97%95%e9%98%bf",2
"mazda-cx3車門大面積凹痕的完美修復，免烤漆免補土","https://carfix.instawp.dev/mazda-cx3%e8%bb%8a%e9%96%80%e5%a4%a7%e9%9d%a2%e7%a9%8d%e5%87%b9%e7%97%95%e7%9a%84%e5%ae%8c%e7%be%8e%e4%bf%ae%e5%be%a9%ef%bc%8c%e5%85%8d%e7%83%a4%e6%bc%86%e5%85%8d%e8%a3%9c%e5%9c%9f",3
"車身內部鋼樑-toyota-chr-前葉輪拱稜線大凹","https://carfix.instawp.dev/%e8%bb%8a%e8%ba%ab%e5%85%a7%e9%83%a8%e9%8b%bc%e6%a8%91-toyota-chr-%e5%89%8d%e8%91%89%e8%bc%aa%e6%8b%b1%e7%a8%9c%e7%b7%9a%e5%a4%a7%e5%87%b9",3
"長凹痕-part-ii-nissan-kicks-車門稜線大面積凹","https://carfix.instawp.dev/%e9%95%b7%e5%87%b9%e7%97%95-part-ii-nissan-kicks-%e8%bb%8a%e9%96%80%e7%a8%9c%e7%b7%9a%e5%a4%a7%e9%9d%a2%e7%a9%8d%e5%87%b9",1
"凹痕有多長？辣～麼長！-toyota-tacoma-車門長條凹","https://carfix.instawp.dev/%e5%87%b9%e7%97%95%e6%9c%89%e5%a4%9a%e9%95%b7%ef%bc%9f%e8%be%a3%ef%bd%9e%e9%ba%bc%e9%95%b7%ef%bc%81-toyota-tacoma-%e8%bb%8a%e9%96%80%e9%95%b7%e6%a2%9d%e5%87%b9",1
"凹痕在哪裡-絕對難不倒你ii-tesla-model-x-後尾門鈑金邊緣凹","https://carfix.instawp.dev/%e5%87%b9%e7%97%95%e5%9c%a8%e5%93%aa%e8%a3%a1-%e7%b5%95%e5%b0%8d%e9%9b%a3%e4%b8%8d%e5%80%92%e4%bd%a0ii-tesla-model-x-%e5%be%8c%e5%b0%be%e9%96%80%e9%88%91%e9%87%91%e9%82%8a%e7%b7%a3%e5%87%b9",1
"凹痕在哪裡-絕對難不倒你-nissan-kicks-車門稜線凹","https://carfix.instawp.dev/%e5%87%b9%e7%97%95%e5%9c%a8%e5%93%aa%e8%a3%a1-%e7%b5%95%e5%b0%8d%e9%9b%a3%e4%b8%8d%e5%80%92%e4%bd%a0-nissan-kicks-%e8%bb%8a%e9%96%80%e7%a8%9c%e7%b7%9a%e5%87%b9",1
"修復又快又精準才是好技師-ford-focus-前葉稜線大凹","https://carfix.instawp.dev/%e4%bf%ae%e5%be%a9%e5%8f%88%e5%bf%ab%e5%8f%88%e7%b2%be%e6%ba%96%e6%89%8d%e6%98%af%e5%a5%bd%e6%8a%80%e5%b8%ab-ford-focus-%e5%89%8d%e8%91%89%e7%a8%9c%e7%b7%9a%e5%a4%a7%e5%87%b9",1
"硬碰硬！-volvo-v40","https://carfix.instawp.dev/%e7%a1%ac%e7%a2%b0%e7%a1%ac%ef%bc%81-volvo-v40",1
"卓越老朋友之一-mazda-3","https://carfix.instawp.dev/%e5%8d%93%e8%b6%8a%e8%80%81%e6%9c%8b%e5%8f%8b%e4%b9%8b%e4%b8%80-mazda-3",1
"這樣的大面積凹痕也有辦法修！？-benz-glc43","https://carfix.instawp.dev/%e9%80%99%e6%a8%a3%e7%9a%84%e5%a4%a7%e9%9d%a2%e7%a9%8d%e5%87%b9%e7%97%95%e4%b9%9f%e6%9c%89%e8%be%a6%e6%b3%95%e4%bf%ae%ef%bc%81%ef%bc%9f-benz-glc43",1
"神秘的力量-benz-300","https://carfix.instawp.dev/%e7%a5%9e%e7%a7%98%e7%9a%84%e5%8a%9b%e9%87%8f-benz-300",1
"福斯vw-golf-輪拱邊緣微鈑金凹痕修復","https://carfix.instawp.dev/%e7%a6%8f%e6%96%afvw-golf-%e8%bc%aa%e6%8b%b1%e9%82%8a%e7%b7%a3%e5%be%ae%e9%88%91%e9%87%91%e5%87%b9%e7%97%95%e4%bf%ae%e5%be%a9",3
"2018-iasre-japan-pdr競技全紀錄｜日本國際凹痕修復競技錦標賽","https://carfix.instawp.dev/2018-iasre-japan-pdr%e7%ab%b6%e6%8a%80%e5%85%a8%e7%b4%80%e9%8c%84%ef%bd%9c%e6%97%a5%e6%9c%ac%e5%9c%8b%e9%9a%9b%e5%87%b9%e7%97%95%e4%bf%ae%e5%be%a9%e7%ab%b6%e6%8a%80%e9%8c%a6%e6%a8%99%e8%b3%bd",2
"對抗volvo-v60-鈑金硬度王者","https://carfix.instawp.dev/%e5%b0%8d%e6%8a%97volvo-v60-%e9%88%91%e9%87%91%e7%a1%ac%e5%ba%a6%e7%8e%8b%e8%80%85",1
"強敵兼老朋友再次出現！-benz-e300　輪拱大面積凹痕","https://carfix.instawp.dev/%e5%bc%b7%e6%95%b5%e5%85%bc%e8%80%81%e6%9c%8b%e5%8f%8b%e5%86%8d%e6%ac%a1%e5%87%ba%e7%8f%be%ef%bc%81-benz-e300%e3%80%80%e8%bc%aa%e6%8b%b1%e5%a4%a7%e9%9d%a2%e7%a9%8d%e5%87%b9%e7%97%95",1
"rolls-royce-當幸福來敲門","https://carfix.instawp.dev/rolls-royce-%e7%95%b6%e5%b9%b8%e7%a6%8f%e4%be%86%e6%95%b2%e9%96%80",1
"【-不要低估小凹痕-有時它們更難修復！-mazda-cx-5-】","https://carfix.instawp.dev/%e3%80%90-%e4%b8%8d%e8%a6%81%e4%bd%8e%e4%bc%b0%e5%b0%8f%e5%87%b9%e7%97%95-%e6%9c%89%e6%99%82%e5%ae%83%e5%80%91%e6%9b%b4%e9%9b%a3%e4%bf%ae%e5%be%a9%ef%bc%81-mazda-cx-5-%e3%80%91",1
"mini-cooper-ii","https://carfix.instawp.dev/mini-cooper-ii",1
"mini-cooper","https://carfix.instawp.dev/mini-cooper",2
"【台中學生分享-印尼小鮮肉andy】","https://carfix.instawp.dev/%e3%80%90%e5%8f%b0%e4%b8%ad%e5%ad%b8%e7%94%9f%e5%88%86%e4%ba%ab-%e5%8d%b0%e5%b0%bc%e5%b0%8f%e9%ae%ae%e8%82%89andy%e3%80%91",2
"4752","https://carfix.instawp.dev/4752",2
"4751","https://carfix.instawp.dev/4751",1
"toyota-camry","https://carfix.instawp.dev/toyota-camry",1
"volkswagen-tiguan","https://carfix.instawp.dev/volkswagen-tiguan",1
"mini-cooper-clubman","https://carfix.instawp.dev/mini-cooper-clubman",4
"benz-e300","https://carfix.instawp.dev/benz-e300",1
"lexus-nx200","https://carfix.instawp.dev/lexus-nx200",2
"金門hyundai-elantra全車凹痕修復","https://carfix.instawp.dev/%e9%87%91%e9%96%80hyundai-elantra%e5%85%a8%e8%bb%8a%e5%87%b9%e7%97%95%e4%bf%ae%e5%be%a9",1
"bmw-m4","https://carfix.instawp.dev/bmw-m4",2
"tesla-model-x","https://carfix.instawp.dev/tesla-model-x",2
"toyota-previa","https://carfix.instawp.dev/toyota-previa",1
"賓士mercedes-benz-a250","https://carfix.instawp.dev/%e8%b3%93%e5%a3%abmercedes-benz-a250",3
"sym重機油箱mpdr凹陷修復｜重機族群不可不知的全新修","https://carfix.instawp.dev/sym%e9%87%8d%e6%a9%9f%e6%b2%b9%e7%ae%b1mpdr%e5%87%b9%e9%99%b7%e4%bf%ae%e5%be%a9%ef%bd%9c%e9%87%8d%e6%a9%9f%e6%97%8f%e7%be%a4%e4%b8%8d%e5%8f%af%e4%b8%8d%e7%9f%a5%e7%9a%84%e5%85%a8%e6%96%b0%e4%bf%ae",1
"馬自達mazda-cx3-大面積的完美修復，免烤漆免補土","https://carfix.instawp.dev/%e9%a6%ac%e8%87%aa%e9%81%94mazda-cx3-%e5%a4%a7%e9%9d%a2%e7%a9%8d%e7%9a%84%e5%ae%8c%e7%be%8e%e4%bf%ae%e5%be%a9%ef%bc%8c%e5%85%8d%e7%83%a4%e6%bc%86%e5%85%8d%e8%a3%9c%e5%9c%9f",2
"volkswagen-golf-若凹痕是車主的夢靨，卓越就是車主的救星-｜sup","https://carfix.instawp.dev/volkswagen-golf-%e8%8b%a5%e5%87%b9%e7%97%95%e6%98%af%e8%bb%8a%e4%b8%bb%e7%9a%84%e5%a4%a2%e9%9d%a8%ef%bc%8c%e5%8d%93%e8%b6%8a%e5%b0%b1%e6%98%af%e8%bb%8a%e4%b8%bb%e7%9a%84%e6%95%91%e6%98%9f-%ef%bd%9csup",1
"mazda-3","https://carfix.instawp.dev/mazda-3",1
"honda-odyssey-後尾門大面積凹痕修復-微鈑金","https://carfix.instawp.dev/honda-odyssey-%e5%be%8c%e5%b0%be%e9%96%80%e5%a4%a7%e9%9d%a2%e7%a9%8d%e5%87%b9%e7%97%95%e4%bf%ae%e5%be%a9-%e5%be%ae%e9%88%91%e9%87%91",2
"2019-卓越春節過年公告","https://carfix.instawp.dev/2019-%e5%8d%93%e8%b6%8a%e6%98%a5%e7%af%80%e9%81%8e%e5%b9%b4%e5%85%ac%e5%91%8a",3
"日本-iasre-pdr-競賽經驗累積篇","https://carfix.instawp.dev/%e6%97%a5%e6%9c%ac-iasre-pdr-%e7%ab%b6%e8%b3%bd%e7%b6%93%e9%a9%97%e7%b4%af%e7%a9%8d%e7%af%87",10
"日本-iasre-pdr-競賽","https://carfix.instawp.dev/%e6%97%a5%e6%9c%ac-iasre-pdr-%e7%ab%b6%e8%b3%bd",10
"superior-pdr-training-center-dent-master-畢業-2","https://carfix.instawp.dev/superior-pdr-training-center-dent-master-%e7%95%a2%e6%a5%ad-2",1
"superior-pdr-training-center-dent-master-畢業","https://carfix.instawp.dev/superior-pdr-training-center-dent-master-%e7%95%a2%e6%a5%ad",1
"專業來自於持續精進技術","https://carfix.instawp.dev/%e5%b0%88%e6%a5%ad%e4%be%86%e8%87%aa%e6%96%bc%e6%8c%81%e7%ba%8c%e7%b2%be%e9%80%b2%e6%8a%80%e8%a1%93",3
"凹痕修復專家-這就是23年紮紮實實的車體鈑金","https://carfix.instawp.dev/%e5%87%b9%e7%97%95%e4%bf%ae%e5%be%a9%e5%b0%88%e5%ae%b6-%e9%80%99%e5%b0%b1%e6%98%af23%e5%b9%b4%e7%b4%ae%e7%b4%ae%e5%af%a6%e5%af%a6%e7%9a%84%e8%bb%8a%e9%ab%94%e9%88%91%e9%87%91",2
"【店休公告】-亞洲區凹痕修復進階研討會","https://carfix.instawp.dev/%e3%80%90%e5%ba%97%e4%bc%91%e5%85%ac%e5%91%8a%e3%80%91-%e4%ba%9e%e6%b4%b2%e5%8d%80%e5%87%b9%e7%97%95%e4%bf%ae%e5%be%a9%e9%80%b2%e9%9a%8e%e7%a0%94%e8%a8%8e%e6%9c%83",1
"c250-鋁合金的救星-凹痕修復","https://carfix.instawp.dev/c250-%e9%8b%81%e5%90%88%e9%87%91%e7%9a%84%e6%95%91%e6%98%9f-%e5%87%b9%e7%97%95%e4%bf%ae%e5%be%a9",2
"dentstage-pdr-tools-凹痕工廠-上市開賣囉","https://carfix.instawp.dev/dentstage-pdr-tools-%e5%87%b9%e7%97%95%e5%b7%a5%e5%bb%a0-%e4%b8%8a%e5%b8%82%e9%96%8b%e8%b3%a3%e5%9b%89",1
"first-pdr-3-days-advanced-training-in-taiwan","https://carfix.instawp.dev/first-pdr-3-days-advanced-training-in-taiwan",3
"卓越凹痕修復中心-魂動紅mazda-cx-5-折線深v凹痕完美修復","https://carfix.instawp.dev/%e5%8d%93%e8%b6%8a%e5%87%b9%e7%97%95%e4%bf%ae%e5%be%a9%e4%b8%ad%e5%bf%83-%e9%ad%82%e5%8b%95%e7%b4%85mazda-cx-5-%e6%8a%98%e7%b7%9a%e6%b7%b1v%e5%87%b9%e7%97%95%e5%ae%8c%e7%be%8e%e4%bf%ae%e5%be%a9",1
"卓越凹痕修復中心-原來引擎蓋可以這樣修","https://carfix.instawp.dev/%e5%8d%93%e8%b6%8a%e5%87%b9%e7%97%95%e4%bf%ae%e5%be%a9%e4%b8%ad%e5%bf%83-%e5%8e%9f%e4%be%86%e5%bc%95%e6%93%8e%e8%93%8b%e5%8f%af%e4%bb%a5%e9%80%99%e6%a8%a3%e4%bf%ae",5
"卓越凹痕修復-中和旗艦店及台中旗艦店-開幕慶活動","https://carfix.instawp.dev/%e5%8d%93%e8%b6%8a%e5%87%b9%e7%97%95%e4%bf%ae%e5%be%a9-%e4%b8%ad%e5%92%8c%e6%97%97%e8%89%a6%e5%ba%97%e5%8f%8a%e5%8f%b0%e4%b8%ad%e6%97%97%e8%89%a6%e5%ba%97-%e9%96%8b%e5%b9%95%e6%85%b6%e6%b4%bb%e5%8b%95",3
"卓越凹痕修復中心-重機油箱凹痕修復","https://carfix.instawp.dev/%e5%8d%93%e8%b6%8a%e5%87%b9%e7%97%95%e4%bf%ae%e5%be%a9%e4%b8%ad%e5%bf%83-%e9%87%8d%e6%a9%9f%e6%b2%b9%e7%ae%b1%e5%87%b9%e7%97%95%e4%bf%ae%e5%be%a9",5
"卓越凹痕修復中心-台中旗艦店-superior-pdr-training-center-正式試營運","https://carfix.instawp.dev/%e5%8d%93%e8%b6%8a%e5%87%b9%e7%97%95%e4%bf%ae%e5%be%a9%e4%b8%ad%e5%bf%83-%e5%8f%b0%e4%b8%ad%e6%97%97%e8%89%a6%e5%ba%97-superior-pdr-training-center-%e6%ad%a3%e5%bc%8f%e8%a9%a6%e7%87%9f%e9%81%8b",4
"卓越2017年終感謝祭【第二彈-消費大優惠】-2-2-2-2","https://carfix.instawp.dev/%e5%8d%93%e8%b6%8a2017%e5%b9%b4%e7%b5%82%e6%84%9f%e8%ac%9d%e7%a5%ad%e3%80%90%e7%ac%ac%e4%ba%8c%e5%bd%88-%e6%b6%88%e8%b2%bb%e5%a4%a7%e5%84%aa%e6%83%a0%e3%80%91-2-2-2-2",7
"卓越2017年終感謝祭【第二彈-消費大優惠】-2-2-2","https://carfix.instawp.dev/%e5%8d%93%e8%b6%8a2017%e5%b9%b4%e7%b5%82%e6%84%9f%e8%ac%9d%e7%a5%ad%e3%80%90%e7%ac%ac%e4%ba%8c%e5%bd%88-%e6%b6%88%e8%b2%bb%e5%a4%a7%e5%84%aa%e6%83%a0%e3%80%91-2-2-2",6
"卓越2017年終感謝祭【第二彈-消費大優惠】-2-2","https://carfix.instawp.dev/%e5%8d%93%e8%b6%8a2017%e5%b9%b4%e7%b5%82%e6%84%9f%e8%ac%9d%e7%a5%ad%e3%80%90%e7%ac%ac%e4%ba%8c%e5%bd%88-%e6%b6%88%e8%b2%bb%e5%a4%a7%e5%84%aa%e6%83%a0%e3%80%91-2-2",6
"卓越2017年終感謝祭【第二彈-消費大優惠】-2","https://carfix.instawp.dev/%e5%8d%93%e8%b6%8a2017%e5%b9%b4%e7%b5%82%e6%84%9f%e8%ac%9d%e7%a5%ad%e3%80%90%e7%ac%ac%e4%ba%8c%e5%bd%88-%e6%b6%88%e8%b2%bb%e5%a4%a7%e5%84%aa%e6%83%a0%e3%80%91-2",1
"卓越2017年終感謝祭【第二彈-消費大優惠】","https://carfix.instawp.dev/%e5%8d%93%e8%b6%8a2017%e5%b9%b4%e7%b5%82%e6%84%9f%e8%ac%9d%e7%a5%ad%e3%80%90%e7%ac%ac%e4%ba%8c%e5%bd%88-%e6%b6%88%e8%b2%bb%e5%a4%a7%e5%84%aa%e6%83%a0%e3%80%91",1
"卓越士林旗艦店周年慶活動-2","https://carfix.instawp.dev/%e5%8d%93%e8%b6%8a%e5%a3%ab%e6%9e%97%e6%97%97%e8%89%a6%e5%ba%97%e5%91%a8%e5%b9%b4%e6%85%b6%e6%b4%bb%e5%8b%95-2",6
"卓越士林旗艦店周年慶活動","https://carfix.instawp.dev/%e5%8d%93%e8%b6%8a%e5%a3%ab%e6%9e%97%e6%97%97%e8%89%a6%e5%ba%97%e5%91%a8%e5%b9%b4%e6%85%b6%e6%b4%bb%e5%8b%95",1
"benz-e250-德國sf鍍膜塗層作業","https://carfix.instawp.dev/benz-e250-%e5%be%b7%e5%9c%8bsf%e9%8d%8d%e8%86%9c%e5%a1%97%e5%b1%a4%e4%bd%9c%e6%a5%ad",15
"最新消息4","https://carfix.instawp.dev/%e6%9c%80%e6%96%b0%e6%b6%88%e6%81%af4",1
"最新消息1","https://carfix.instawp.dev/%e6%9c%80%e6%96%b0%e6%b6%88%e6%81%af1",2
"最新消息3","https://carfix.instawp.dev/%e6%9c%80%e6%96%b0%e6%b6%88%e6%81%af3",1
"最新消息2","https://carfix.instawp.dev/%e6%9c%80%e6%96%b0%e6%b6%88%e6%81%af2",3
